{"backedUpFiles":["/sdcard/FIRST/java/src/org/firstinspires/ftc/teamcode/Test.java","/sdcard/FIRST/java/src/org/firstinspires/ftc/teamcode/VuforiaTest.java","/sdcard/FIRST/java/src/org/firstinspires/ftc/teamcode/VuforiaTest2.java","/sdcard/FIRST/intothedeep.xml"],"deviceName":"Control Hub 20131-RC","modifiedTimes":[{"fileName":"/sdcard/FIRST/java/src/org/firstinspires/ftc/teamcode/Test.java","time":"Fri Feb 21 12:07:51 CST 2025"},{"fileName":"/sdcard/FIRST/java/src/org/firstinspires/ftc/teamcode/VuforiaTest.java","time":"Fri Feb 21 12:07:51 CST 2025"},{"fileName":"/sdcard/FIRST/java/src/org/firstinspires/ftc/teamcode/VuforiaTest2.java","time":"Fri Feb 21 12:07:51 CST 2025"},{"fileName":"/sdcard/FIRST/intothedeep.xml","time":"Fri Feb 21 12:08:13 CST 2025"}]}