{"backedUpFiles":["/sdcard/FIRST/java/src/org/firstinspires/ftc/teamcode/VuforiaTest.java","/sdcard/FIRST/java/src/org/firstinspires/ftc/teamcode/VuforiaTest2.java","/sdcard/FIRST/java/src/org/firstinspires/ftc/teamcode/Test.java","/sdcard/FIRST/intothedeep.xml"],"deviceName":"Control Hub 20131-RC","modifiedTimes":[{"fileName":"/sdcard/FIRST/java/src/org/firstinspires/ftc/teamcode/VuforiaTest2.java","time":"Sat Jan 25 03:32:05 CST 2025"},{"fileName":"/sdcard/FIRST/intothedeep.xml","time":"Sat Feb  8 06:10:31 CST 2025"},{"fileName":"/sdcard/FIRST/java/src/org/firstinspires/ftc/teamcode/VuforiaTest.java","time":"Sat Jan 25 03:32:03 CST 2025"},{"fileName":"/sdcard/FIRST/java/src/org/firstinspires/ftc/teamcode/Test.java","time":"Sat Mar 12 11:34:08 CST 2022"}]}